tick,population,average_age,collisions,deaths_collision,deaths_age,births_clone,births_spontaneous
0,20,1,0,0,0,0,0
1,20,2,0,0,0,0,0
2,20,3,0,0,0,0,0
3,20,4,0,0,0,0,0
4,18,5,2,2,0,0,0
5,18,6,0,0,0,0,0
6,18,7,0,0,0,0,0
7,18,8,0,0,0,0,0
8,18,9,0,0,0,0,0
9,18,10,0,0,0,0,0
10,18,11,0,0,0,0,0
11,18,12,0,0,0,0,0
12,18,13,0,0,0,0,0
13,18,14,0,0,0,0,0
14,18,15,0,0,0,0,0
15,18,16,0,0,0,0,0
16,18,17,0,0,0,0,0
17,18,18,0,0,0,0,0
18,18,19,0,0,0,0,0
19,18,20,0,0,0,0,0
20,18,21,0,0,0,0,0
21,18,22,0,0,0,0,0
22,18,23,1,0,0,0,0
23,18,24,1,0,0,0,0
24,17,25,1,1,0,0,0
25,17,26,0,0,0,0,0
26,18,25.5,1,0,0,1,0
27,18,26.5,1,0,0,0,0
28,17,29,1,1,0,0,0
29,17,30,0,0,0,0,0
30,17,31,1,0,0,0,0
31,17,32,1,0,0,0,0
32,17,33,1,0,0,0,0
33,17,34,2,0,0,0,0
34,17,35,2,0,0,0,0
35,17,36,2,0,0,0,0
36,17,37,2,0,0,0,0
37,17,38,2,0,0,0,0
38,16,39,2,1,0,0,0
39,16,40,1,0,0,0,0
40,15,41,2,1,0,0,0
41,15,42,0,0,0,0,0
42,15,43,0,0,0,0,0
43,15,44,0,0,0,0,0
44,15,45,0,0,0,0,0
45,15,46,0,0,0,0,0
46,15,47,0,0,0,0,0
47,15,48,0,0,0,0,0
48,15,49,0,0,0,0,0
49,15,50,0,0,0,0,0
50,16,47.8125,0,0,0,1,0
51,16,48.8125,1,0,0,0,0
52,15,49.6,1,1,0,0,0
53,15,50.6,0,0,0,0,0
54,15,51.6,0,0,0,0,0
55,15,52.6,0,0,0,0,0
56,15,53.6,0,0,0,0,0
57,15,54.6,0,0,0,0,0
58,16,52.125,0,0,0,1,0
59,16,53.125,1,0,0,0,0
60,15,57.6,1,1,0,0,0
61,15,58.6,1,0,0,0,0
62,15,59.6,1,0,0,0,0
63,14,60.3571,1,1,0,0,0
64,14,61.3571,0,0,0,0,0
65,14,62.3571,1,0,0,0,0
66,14,63.3571,0,0,0,0,0
67,15,60.0667,0,0,0,1,0
68,14,60.5,1,1,0,0,0
69,14,61.5,0,0,0,0,0
70,14,62.5,0,0,0,0,0
71,14,63.5,0,0,0,0,0
72,13,63.8462,1,1,0,0,0
73,14,60.2143,0,0,0,1,0
74,15,57.1333,1,0,0,1,0
75,14,62.1429,2,1,0,0,0
76,13,67.8462,1,1,0,0,0
77,11,67.1818,1,2,0,0,0
78,11,68.1818,0,0,0,0,0
79,11,69.1818,0,0,0,0,0
80,11,70.1818,0,0,0,0,0
81,11,71.1818,0,0,0,0,0
82,11,72.1818,0,0,0,0,0
83,11,73.1818,0,0,0,0,0
84,11,74.1818,0,0,0,0,0
85,11,75.1818,0,0,0,0,0
86,11,76.1818,0,0,0,0,0
87,11,77.1818,0,0,0,0,0
88,11,78.1818,0,0,0,0,0
89,11,79.1818,0,0,0,0,0
90,11,80.1818,0,0,0,0,0
91,11,81.1818,0,0,0,0,0
92,11,82.1818,0,0,0,0,0
93,11,83.1818,0,0,0,0,0
94,11,84.1818,0,0,0,0,0
95,11,85.1818,0,0,0,0,0
96,11,86.1818,0,0,0,0,0
97,11,87.1818,0,0,0,0,0
98,11,88.1818,0,0,0,0,0
99,11,89.1818,0,0,0,0,0
100,11,90.1818,0,0,0,0,0
101,11,91.1818,0,0,0,0,0
102,11,92.1818,0,0,0,0,0
103,11,93.1818,0,0,0,0,0
104,11,94.1818,0,0,0,0,0
105,11,95.1818,0,0,0,0,0
106,11,96.1818,0,0,0,0,0
107,11,97.1818,0,0,0,0,0
108,11,98.1818,0,0,0,0,0
109,11,99.1818,0,0,0,0,0
110,11,100.182,0,0,0,0,0
111,11,101.182,0,0,0,0,0
112,11,102.182,0,0,0,0,0
113,11,103.182,0,0,0,0,0
114,11,104.182,0,0,0,0,0
115,11,105.182,0,0,0,0,0
116,11,106.182,0,0,0,0,0
117,11,107.182,0,0,0,0,0
118,11,108.182,0,0,0,0,0
119,11,109.182,0,0,0,0,0
120,11,110.182,0,0,0,0,0
121,11,111.182,0,0,0,0,0
122,13,94.9231,0,0,0,2,0
123,10,112.1,2,3,0,0,0
124,10,113.1,0,0,0,0,0
125,10,114.1,0,0,0,0,0
126,10,115.1,0,0,0,0,0
127,10,116.1,0,0,0,0,0
128,10,117.1,0,0,0,0,0
129,10,118.1,0,0,0,0,0
130,10,119.1,0,0,0,0,0
131,8,117.125,2,2,0,0,0
132,8,118.125,0,0,0,0,0
133,8,119.125,0,0,0,0,0
134,8,120.125,0,0,0,0,0
135,8,121.125,0,0,0,0,0
136,8,122.125,0,0,0,0,0
137,8,123.125,0,0,0,0,0
138,8,124.125,0,0,0,0,0
139,8,125.125,0,0,0,0,0
140,8,126.125,0,0,0,0,0
141,8,127.125,0,0,0,0,0
142,8,128.125,0,0,0,0,0
143,8,129.125,0,0,0,0,0
144,8,130.125,0,0,0,0,0
145,8,131.125,0,0,0,0,0
146,8,132.125,0,0,0,0,0
147,8,133.125,0,0,0,0,0
148,8,134.125,0,0,0,0,0
149,9,120.111,0,0,0,1,0
150,9,121.111,1,0,0,0,0
151,9,122.111,1,0,0,0,0
152,7,136,1,2,0,0,0
153,7,137,0,0,0,0,0
154,7,138,0,0,0,0,0
155,7,139,0,0,0,0,0
156,7,140,0,0,0,0,0
157,7,141,0,0,0,0,0
158,7,142,0,0,0,0,0
159,7,143,0,0,0,0,0
160,7,144,0,0,0,0,0
161,7,145,0,0,0,0,0
162,7,146,0,0,0,0,0
163,7,147,0,0,0,0,0
164,7,148,0,0,0,0,0
165,7,149,0,0,0,0,0
166,7,150,0,0,0,0,0
167,7,151,0,0,0,0,0
168,7,152,0,0,0,0,0
169,7,153,0,0,0,0,0
170,7,154,0,0,0,0,0
171,7,155,0,0,0,0,0
172,7,156,0,0,0,0,0
173,7,157,0,0,0,0,0
174,7,158,0,0,0,0,0
175,8,139.125,0,0,0,0,1
176,8,140.125,0,0,0,0,0
177,8,141.125,0,0,0,0,0
178,8,142.125,0,0,0,0,0
179,8,143.125,0,0,0,0,0
180,8,144.125,0,0,0,0,0
181,8,145.125,0,0,0,0,0
182,9,129.889,0,0,0,1,0
183,8,132.75,1,1,0,0,0
184,8,133.75,0,0,0,0,0
185,8,134.75,0,0,0,0,0
186,8,135.75,0,0,0,0,0
187,8,136.75,0,0,0,0,0
188,8,137.75,0,0,0,0,0
189,9,123.333,0,0,0,1,0
190,9,124.333,1,0,0,0,0
191,9,125.333,1,0,0,0,0
192,9,126.333,1,0,0,0,0
193,7,135.429,1,2,0,0,0
194,7,136.429,0,0,0,0,0
195,7,137.429,0,0,0,0,0
196,7,138.429,0,0,0,0,0
197,7,139.429,0,0,0,0,0
198,7,140.429,0,0,0,0,0
199,7,141.429,0,0,0,0,0
200,7,142.429,0,0,0,0,0
201,7,143.429,0,0,0,0,0
202,7,144.429,0,0,0,0,0
203,7,145.429,0,0,0,0,0
204,7,146.429,0,0,0,0,0
205,7,147.429,0,0,0,0,0
206,8,129.875,0,0,0,1,0
207,9,116.333,1,0,0,1,0
208,9,117.333,2,0,0,0,0
209,7,151.429,2,2,0,0,0
210,7,152.429,0,0,0,0,0
211,8,134.25,0,0,0,0,1
212,8,135.25,0,0,0,0,0
213,8,136.25,0,0,0,0,0
214,8,137.25,0,0,0,0,0
215,8,138.25,0,0,0,0,0
216,9,123.778,0,0,0,1,0
217,9,124.778,1,0,0,0,0
218,8,114.125,1,1,0,0,0
219,8,115.125,0,0,0,0,0
220,8,116.125,0,0,0,0,0
221,8,117.125,0,0,0,0,0
222,8,118.125,0,0,0,0,0
223,8,119.125,0,0,0,0,0
224,9,106.778,0,0,0,0,1
225,9,107.778,0,0,0,0,0
226,9,108.778,0,0,0,0,0
227,9,109.778,0,0,0,0,0
228,9,110.778,0,0,0,0,0
229,9,111.778,0,0,0,0,0
230,9,112.778,0,0,0,0,0
231,10,102.4,0,0,0,0,1
232,11,94,0,0,0,1,0
233,11,95,1,0,0,0,0
234,11,96,1,0,0,0,0
235,11,97,1,0,0,0,0
236,11,98,1,0,0,0,0
237,11,99,1,0,0,0,0
238,10,86.1,1,1,0,0,0
239,10,87.1,0,0,0,0,0
240,10,88.1,0,0,0,0,0
241,10,89.1,0,0,0,0,0
242,10,90.1,0,0,0,0,0
243,10,91.1,0,0,0,0,0
244,10,92.1,0,0,0,0,0
245,10,93.1,0,0,0,0,0
246,10,94.1,0,0,0,0,0
247,10,95.1,0,0,0,0,0
248,10,96.1,0,0,0,0,0
249,10,97.1,0,0,0,0,0
250,11,89.1818,0,0,0,1,0
251,12,82.6667,1,0,0,1,0
252,10,74.9,2,2,0,0,0
253,10,75.9,0,0,0,0,0
254,10,76.9,0,0,0,0,0
255,10,77.9,0,0,0,0,0
256,10,78.9,0,0,0,0,0
257,10,79.9,0,0,0,0,0
258,10,80.9,0,0,0,0,0
259,10,81.9,0,0,0,0,0
260,10,82.9,0,0,0,0,0
261,10,83.9,0,0,0,0,0
262,10,84.9,0,0,0,0,0
263,10,85.9,0,0,0,0,0
264,10,86.9,0,0,0,0,0
265,10,87.9,0,0,0,0,0
266,10,88.9,0,0,0,0,0
267,10,89.9,0,0,0,0,0
268,10,90.9,0,0,0,0,0
269,10,91.9,0,0,0,0,0
270,10,92.9,0,0,0,0,0
271,10,93.9,0,0,0,0,0
272,10,94.9,0,0,0,0,0
273,10,95.9,0,0,0,0,0
274,10,96.9,1,0,0,0,0
275,9,83.7778,1,1,0,0,0
276,9,84.7778,0,0,0,0,0
277,9,85.7778,0,0,0,0,0
278,9,86.7778,0,0,0,0,0
279,9,87.7778,0,0,0,0,0
280,9,88.7778,0,0,0,0,0
281,9,89.7778,0,0,0,0,0
282,9,90.7778,0,0,0,0,0
283,9,91.7778,0,0,0,0,0
284,10,83.5,0,0,0,1,0
285,10,84.5,1,0,0,0,0
286,10,85.5,1,0,0,0,0
287,10,86.5,1,0,0,0,0
288,10,87.5,1,0,0,0,0
289,9,91.1111,1,1,0,0,0
290,9,92.1111,1,0,0,0,0
291,9,93.1111,0,0,0,0,0
292,10,84.7,0,0,0,1,0
293,9,95.1111,1,1,0,0,0
294,8,102.75,1,1,0,0,0
295,8,103.75,0,0,0,0,0
296,8,104.75,0,0,0,0,0
297,8,105.75,0,0,0,0,0
298,8,106.75,0,0,0,0,0
299,9,95.7778,0,0,0,1,0
300,8,100.375,1,1,0,0,0
301,8,101.375,0,0,0,0,0
302,8,102.375,0,0,0,0,0
303,8,103.375,0,0,0,0,0
304,8,104.375,0,0,0,0,0
305,8,105.375,0,0,0,0,0
306,8,106.375,0,0,0,0,0
307,8,107.375,0,0,0,0,0
308,8,108.375,0,0,0,0,0
309,8,109.375,0,0,0,0,0
310,8,110.375,0,0,0,0,0
311,8,111.375,0,0,0,0,0
312,8,112.375,0,0,0,0,0
313,8,113.375,0,0,0,0,0
314,8,114.375,0,0,0,0,0
315,8,115.375,0,0,0,0,0
316,8,116.375,0,0,0,0,0
317,8,117.375,0,0,0,0,0
318,8,118.375,0,0,0,0,0
319,8,119.375,0,0,0,0,0
320,9,107,0,0,0,1,0
321,9,108,1,0,0,0,0
322,9,109,1,0,0,0,0
323,8,118.875,1,1,0,0,0
324,8,119.875,0,0,0,0,0
325,8,120.875,0,0,0,0,0
326,8,121.875,0,0,0,0,0
327,8,122.875,0,0,0,0,0
328,8,123.875,0,0,0,0,0
329,8,124.875,0,0,0,0,0
330,8,125.875,0,0,0,0,0
331,8,126.875,0,0,0,0,0
332,8,127.875,0,0,0,0,0
333,8,128.875,0,0,0,0,0
334,8,129.875,0,0,0,0,0
335,8,130.875,0,0,0,0,0
336,8,131.875,0,0,0,0,0
337,8,132.875,0,0,0,0,0
338,8,133.875,0,0,0,0,0
339,8,134.875,0,0,0,0,0
340,8,135.875,0,0,0,0,0
341,8,136.875,0,0,0,0,0
342,8,137.875,0,0,0,0,0
343,8,138.875,0,0,0,0,0
344,8,139.875,0,0,0,0,0
345,8,140.875,0,0,0,0,0
346,8,141.875,0,0,0,0,0
347,9,127,0,0,0,1,0
348,9,128,1,0,0,0,0
349,9,129,1,0,0,0,0
350,8,145.875,1,1,0,0,0
351,8,146.875,0,0,0,0,0
352,8,147.875,0,0,0,0,0
353,8,148.875,0,0,0,0,0
354,8,149.875,0,0,0,0,0
355,8,150.875,0,0,0,0,0
356,8,151.875,0,0,0,0,0
357,8,152.875,0,0,0,0,0
358,8,153.875,0,0,0,0,0
359,8,154.875,0,0,0,0,0
360,8,155.875,0,0,0,0,0
361,9,139.556,0,0,0,0,0
362,9,140.556,0,0,0,0,0
363,8,140.25,1,1,0,0,0
364,8,141.25,0,0,0,0,0
365,8,142.25,0,0,0,0,0
366,8,143.25,0,0,0,0,0
367,8,144.25,0,0,0,0,0
368,8,145.25,0,0,0,0,0
369,8,146.25,0,0,0,0,0
370,8,147.25,0,0,0,0,0
371,8,148.25,0,0,0,0,0
372,8,149.25,0,0,0,0,0
373,9,133.667,0,0,0,0,0
374,9,134.667,0,0,0,0,0
375,9,135.667,0,0,0,0,0
376,9,136.667,0,0,0,0,0
377,9,137.667,0,0,0,0,0
378,10,124.9,0,0,0,0,0
379,10,125.9,0,0,0,0,0
380,10,126.9,0,0,0,0,0
381,10,127.9,0,0,0,0,0
382,10,128.9,0,0,0,0,0
383,10,129.9,0,0,0,0,0
384,11,119.091,1,0,0,0,0
385,11,120.091,0,0,0,0,0
386,11,121.091,0,0,0,0,0
387,11,122.091,0,0,0,0,0
388,11,123.091,0,0,0,0,0
389,12,113.75,0,0,0,1,0
390,13,106,1,0,0,0,0
391,12,115.75,1,1,0,0,0
392,12,116.75,0,0,0,0,0
393,12,117.75,0,0,0,0,0
394,12,118.75,0,0,0,0,0
395,12,119.75,0,0,0,0,0
396,12,120.75,0,0,0,0,0
397,12,121.75,0,0,0,0,0
398,12,122.75,0,0,0,0,0
399,12,123.75,0,0,0,0,0
400,12,124.75,0,0,0,0,0
401,12,125.75,0,0,0,0,0
402,13,117.077,1,0,0,0,0
403,13,118.077,0,0,0,0,0
404,13,119.077,0,0,0,0,0
405,12,121.25,1,1,0,0,0
406,12,122.25,0,0,0,0,0
407,12,123.25,0,0,0,0,0
408,13,114.769,0,0,0,0,0
409,13,115.769,0,0,0,0,0
410,13,116.769,0,0,0,0,0
411,13,117.769,0,0,0,0,0
412,13,118.769,0,0,0,0,0
413,13,119.769,0,0,0,0,0
414,14,112.214,0,0,0,0,0
415,14,113.214,0,0,0,0,0
416,14,114.214,0,0,0,0,0
417,14,115.214,0,0,0,0,0
418,14,116.214,0,0,0,0,0
419,15,109.467,1,0,0,0,0
420,15,110.467,1,0,0,0,0
421,15,111.467,2,0,0,0,0
422,14,117.286,1,1,0,0,0
423,14,118.286,0,0,0,0,0
424,14,119.286,0,0,0,0,0
425,14,120.286,0,0,0,0,0
426,14,121.286,0,0,0,0,0
427,12,105.833,1,2,0,0,0
428,12,106.833,0,0,0,0,0
429,12,107.833,0,0,0,0,0
430,12,108.833,0,0,0,0,0
431,12,109.833,0,0,0,0,0
432,12,110.833,0,0,0,0,0
433,12,111.833,0,0,0,0,0
434,12,112.833,0,0,0,0,0
435,12,113.833,0,0,0,0,0
436,13,106,0,0,0,1,0
437,14,99.3571,1,0,0,1,0
438,14,100.357,2,0,0,0,0
439,14,101.357,2,0,0,0,0
440,14,102.357,2,0,0,0,0
441,14,103.357,2,0,0,0,0
442,13,112,2,1,0,0,0
443,13,113,1,0,0,0,0
444,13,114,1,0,0,0,0
445,14,106.786,1,0,0,1,0
446,14,107.786,2,0,0,0,0
447,14,108.786,2,0,0,0,0
448,14,109.786,2,0,0,0,0
449,14,110.786,2,0,0,0,0
450,15,104.4,2,0,0,0,0
451,15,105.4,2,0,0,0,0
452,14,108.286,2,1,0,0,0
453,13,107.462,1,1,0,0,0
454,13,108.462,0,0,0,0,0
455,13,109.462,0,0,0,0,0
456,13,110.462,0,0,0,0,0
457,13,111.462,0,0,0,0,0
458,13,112.462,0,0,0,0,0
459,13,113.462,0,0,0,0,0
460,13,114.462,0,0,0,0,0
461,13,115.462,0,0,0,0,0
462,13,116.462,0,0,0,0,0
463,13,117.462,0,0,0,0,0
464,13,118.462,0,0,0,0,0
465,13,119.462,0,0,0,0,0
466,13,120.462,0,0,0,0,0
467,13,121.462,0,0,0,0,0
468,13,122.462,0,0,0,0,0
469,13,123.462,0,0,0,0,0
470,13,124.462,0,0,0,0,0
471,13,125.462,0,0,0,0,0
472,14,117.429,0,0,0,1,0
473,13,127.462,1,1,0,0,0
474,13,128.462,1,0,0,0,0
475,13,129.462,1,0,0,0,0
476,12,136.5,1,1,0,0,0
477,12,137.5,0,0,0,0,0
478,13,127.846,0,0,0,1,0
479,13,128.846,1,0,0,0,0
480,13,129.846,1,0,0,0,0
481,13,130.846,1,0,0,0,0
482,13,131.846,1,0,0,0,0
483,13,132.846,1,0,0,0,0
484,11,133.273,2,2,0,0,0
485,11,134.273,1,0,0,0,0
486,11,135.273,0,0,0,0,0
487,11,136.273,0,0,0,0,0
488,11,137.273,1,0,0,0,0
489,11,138.273,1,0,0,0,0
490,10,122.4,1,1,0,0,0
491,10,123.4,0,0,0,0,0
492,10,124.4,0,0,0,0,0
493,10,125.4,0,0,0,0,0
494,10,126.4,0,0,0,0,0
495,10,127.4,0,0,0,0,0
496,10,128.4,0,0,0,0,0
497,10,129.4,0,0,0,0,0
498,8,139.5,1,2,0,0,0
499,8,140.5,0,0,0,0,0
500,8,141.5,0,0,0,0,0
501,8,142.5,0,0,0,0,0
502,8,143.5,0,0,0,0,0
503,8,144.5,1,0,0,0,0
504,8,145.5,0,0,0,0,0
505,8,146.5,0,0,0,0,0
506,8,147.5,0,0,0,0,0
507,8,148.5,0,0,0,0,0
508,8,149.5,0,0,0,0,0
509,8,150.5,0,0,0,0,0
510,8,151.5,0,0,0,0,0
511,9,135.556,0,0,0,1,0
512,8,118.5,1,1,0,0,0
513,8,119.5,0,0,0,0,0
514,8,120.5,0,0,0,0,0
515,8,121.5,0,0,0,0,0
516,8,122.5,0,0,0,0,0
517,8,123.5,0,0,0,0,0
518,8,124.5,0,0,0,0,0
519,8,125.5,0,0,0,0,0
520,8,126.5,0,0,0,0,0
521,8,127.5,0,0,0,0,0
522,8,128.5,0,0,0,0,0
523,8,129.5,0,0,0,0,0
524,8,130.5,0,0,0,0,0
525,8,131.5,0,0,0,0,0
526,8,132.5,0,0,0,0,0
527,8,133.5,0,0,0,0,0
528,8,134.5,0,0,0,0,0
529,8,135.5,0,0,0,0,0
530,8,136.5,0,0,0,0,0
531,8,137.5,0,0,0,0,0
532,8,138.5,0,0,0,0,0
533,8,139.5,0,0,0,0,0
534,8,140.5,0,0,0,0,0
535,8,141.5,0,0,0,0,0
536,8,142.5,0,0,0,0,0
537,8,143.5,0,0,0,0,0
538,8,144.5,0,0,0,0,0
539,8,145.5,0,0,0,0,0
540,8,146.5,0,0,0,0,0
541,8,147.5,0,0,0,0,0
542,9,132,1,0,0,1,0
543,9,133,1,0,0,0,0
544,9,134,0,0,0,0,0
545,9,135,0,0,0,0,0
546,9,136,0,0,0,0,0
547,10,123.3,0,0,0,1,0
548,10,124.3,1,0,0,0,0
549,8,151.625,1,2,0,0,0
550,8,152.625,0,0,0,0,0
551,8,153.625,0,0,0,0,0
552,8,154.625,0,0,0,0,0
553,8,155.625,0,0,0,0,0
554,8,156.625,0,0,0,0,0
555,8,157.625,0,0,0,0,0
556,8,158.625,0,0,0,0,0
557,8,159.625,0,0,0,0,0
558,9,142.778,0,0,0,1,0
559,9,143.778,1,0,0,0,0
560,9,144.778,1,0,0,0,0
561,9,145.778,1,0,0,0,0
562,9,146.778,1,0,0,0,0
563,9,147.778,1,0,0,0,0
564,8,166.625,1,1,0,0,0
565,8,167.625,0,0,0,0,0
566,8,168.625,0,0,0,0,0
567,8,169.625,0,0,0,0,0
568,8,170.625,0,0,0,0,0
569,8,171.625,0,0,0,0,0
570,8,172.625,0,0,0,0,0
571,8,173.625,0,0,0,0,0
572,8,174.625,0,0,0,0,0
573,8,175.625,0,0,0,0,0
574,8,176.625,0,0,0,0,0
575,8,177.625,0,0,0,0,0
576,8,178.625,0,0,0,0,0
577,8,179.625,0,0,0,0,0
578,8,180.625,0,0,0,0,0
579,8,181.625,0,0,0,0,0
580,8,182.625,0,0,0,0,0
581,8,183.625,0,0,0,0,0
582,8,184.625,0,0,0,0,0
583,8,185.625,0,0,0,0,0
584,9,165.889,0,0,0,1,0
585,9,166.889,1,0,0,0,0
586,10,151.1,0,0,0,0,1
587,10,152.1,0,0,0,0,0
588,10,153.1,0,0,0,0,0
589,10,154.1,0,0,0,0,0
590,10,155.1,0,0,0,0,0
591,10,156.1,0,0,0,0,0
592,10,157.1,0,0,0,0,0
593,10,158.1,0,0,0,0,0
594,10,159.1,0,0,0,0,0
595,10,160.1,0,0,0,0,0
596,10,161.1,0,0,0,0,0
597,10,162.1,0,0,0,0,0
598,10,163.1,0,0,0,0,0
599,10,164.1,0,0,0,0,0
600,10,165.1,0,0,0,0,0
601,10,166.1,0,0,0,0,0
602,10,167.1,0,0,0,0,0
603,10,168.1,0,0,0,0,0
604,10,169.1,0,0,0,0,0
605,10,170.1,0,0,0,0,0
606,10,171.1,0,0,0,0,0
607,10,172.1,0,0,0,0,0
608,10,173.1,0,0,0,0,0
609,10,174.1,0,0,0,0,0
610,10,175.1,0,0,0,0,0
611,10,176.1,0,0,0,0,0
612,10,177.1,0,0,0,0,0
613,10,178.1,0,0,0,0,0
614,10,179.1,0,0,0,0,0
615,10,180.1,0,0,0,0,0
616,10,181.1,0,0,0,0,0
617,10,182.1,0,0,0,0,0
618,10,183.1,0,0,0,0,0
619,10,184.1,0,0,0,0,0
620,10,185.1,0,0,0,0,0
621,10,186.1,0,0,0,0,0
622,10,187.1,0,0,0,0,0
623,10,188.1,0,0,0,0,0
624,10,189.1,0,0,0,0,0
625,11,172.818,0,0,0,1,0
626,11,173.818,1,0,0,0,0
627,12,160.25,0,0,0,1,0
628,12,161.25,1,0,0,0,0
629,12,162.25,1,0,0,0,0
630,12,163.25,1,0,0,0,0
631,12,164.25,1,0,0,0,0
632,11,176.091,1,1,0,0,0
633,11,177.091,0,0,0,0,0
634,11,178.091,0,0,0,0,0
635,11,179.091,0,0,0,0,0
636,11,180.091,0,0,0,0,0
637,11,181.091,0,0,0,0,0
638,11,182.091,0,0,0,0,0
639,11,183.091,0,0,0,0,0
640,11,184.091,0,0,0,0,0
641,11,185.091,0,0,0,0,0
642,11,186.091,0,0,0,0,0
643,11,187.091,0,0,0,0,0
644,11,188.091,0,0,0,0,0
645,11,189.091,0,0,0,0,0
646,11,190.091,0,0,0,0,0
647,11,191.091,0,0,0,0,0
648,11,192.091,0,0,0,0,0
649,11,193.091,0,0,0,0,0
650,11,194.091,0,0,0,0,0
651,11,195.091,0,0,0,0,0
652,11,196.091,0,0,0,0,0
653,11,197.091,0,0,0,0,0
654,11,198.091,0,0,0,0,0
655,11,199.091,0,0,0,0,0
656,11,200.091,0,0,0,0,0
657,11,201.091,0,0,0,0,0
658,11,202.091,0,0,0,0,0
659,11,203.091,0,0,0,0,0
660,11,204.091,0,0,0,0,0
661,11,205.091,0,0,0,0,0
662,12,188.917,0,0,0,1,0
663,12,189.917,1,0,0,0,0
664,12,190.917,1,0,0,0,0
665,11,209.091,1,1,0,0,0
666,11,210.091,0,0,0,0,0
667,11,211.091,0,0,0,0,0
668,11,212.091,0,0,0,0,0
669,11,213.091,0,0,0,0,0
670,11,214.091,0,0,0,0,0
671,11,215.091,0,0,0,0,0
672,11,216.091,0,0,0,0,0
673,11,217.091,0,0,0,0,0
674,11,218.091,0,0,0,0,0
675,12,200.833,0,0,0,1,0
676,10,205.7,2,2,0,0,0
677,10,206.7,0,0,0,0,0
678,10,207.7,0,0,0,0,0
679,10,208.7,0,0,0,0,0
680,10,209.7,0,0,0,0,0
681,11,191.545,0,0,0,1,0
682,11,192.545,1,0,0,0,0
683,10,189.1,1,1,0,0,0
684,10,190.1,0,0,0,0,0
685,10,191.1,0,0,0,0,0
686,10,192.1,0,0,0,0,0
687,10,193.1,0,0,0,0,0
688,10,194.1,0,0,0,0,0
689,10,195.1,0,0,0,0,0
690,10,196.1,0,0,0,0,0
691,10,197.1,0,0,0,0,0
692,10,198.1,0,0,0,0,0
693,10,199.1,0,0,0,0,0
694,10,200.1,0,0,0,0,0
695,10,201.1,0,0,0,0,0
696,10,202.1,0,0,0,0,0
697,10,203.1,0,0,0,0,0
698,10,204.1,0,0,0,0,0
699,10,205.1,0,0,0,0,0
700,10,206.1,0,0,0,0,0
701,10,207.1,0,0,0,0,0
702,10,208.1,0,0,0,0,0
703,10,209.1,0,0,0,0,0
704,10,210.1,0,0,0,0,0
705,10,211.1,0,0,0,0,0
706,10,212.1,0,0,0,0,0
707,10,213.1,0,0,0,0,0
708,10,214.1,0,0,0,0,0
709,10,215.1,0,0,0,0,0
710,10,216.1,0,0,0,0,0
711,11,197.364,0,0,0,1,0
712,10,218.1,1,1,0,0,0
713,10,219.1,0,0,0,0,0
714,10,220.1,0,0,0,0,0
715,10,221.1,0,0,0,0,0
716,10,222.1,0,0,0,0,0
717,11,202.818,0,0,0,1,0
718,11,203.818,1,0,0,0,0
719,11,204.818,0,0,0,0,0
720,11,205.818,0,0,0,0,0
721,11,206.818,0,0,0,0,0
722,11,207.818,0,0,0,0,0
723,11,208.818,0,0,0,0,0
724,11,209.818,0,0,0,0,0
725,11,210.818,0,0,0,0,0
726,11,211.818,0,0,0,0,0
727,11,212.818,0,0,0,0,0
728,11,213.818,0,0,0,0,0
729,11,214.818,0,0,0,0,0
730,11,215.818,0,0,0,0,0
731,11,216.818,0,0,0,0,0
732,11,217.818,0,0,0,0,0
733,11,218.818,0,0,0,0,0
734,11,219.818,0,0,0,0,0
735,12,202.417,0,0,0,1,0
736,11,216.364,1,1,0,0,0
737,12,199.25,0,0,0,1,0
738,12,200.25,1,0,0,0,0
739,13,185.769,0,0,0,1,0
740,13,186.769,1,0,0,0,0
741,13,187.769,1,0,0,0,0
742,13,188.769,1,0,0,0,0
743,12,205.25,1,1,0,0,0
744,12,206.25,0,0,0,0,0
745,12,207.25,0,0,0,0,0
746,12,208.25,0,0,0,0,0
747,12,209.25,0,0,0,0,0
748,12,210.25,0,0,0,0,0
749,12,211.25,0,0,0,0,0
750,12,212.25,0,0,0,0,0
751,12,213.25,0,0,0,0,0
752,12,214.25,0,0,0,0,0
753,12,215.25,0,0,0,0,0
754,12,216.25,0,0,0,0,0
755,12,217.25,0,0,0,0,0
756,12,218.25,0,0,0,0,0
757,12,219.25,0,0,0,0,0
758,12,220.25,0,0,0,0,0
759,12,221.25,0,0,0,0,0
760,12,222.25,0,0,0,0,0
761,12,223.25,0,0,0,0,0
762,12,224.25,0,0,0,0,0
763,12,225.25,0,0,0,0,0
764,12,226.25,0,0,0,0,0
765,12,227.25,0,0,0,0,0
766,12,228.25,0,0,0,0,0
767,13,211.615,0,0,0,1,0
768,13,212.615,1,0,0,0,0
769,13,213.615,0,0,0,0,0
770,13,214.615,0,0,0,0,0
771,13,215.615,0,0,0,0,0
772,13,216.615,0,0,0,0,0
773,13,217.615,0,0,0,0,0
774,13,218.615,0,0,0,0,0
775,13,219.615,0,0,0,0,0
776,13,220.615,0,0,0,0,0
777,13,221.615,0,0,0,0,0
778,13,222.615,0,0,0,0,0
779,13,223.615,0,0,0,0,0
780,13,224.615,0,0,0,0,0
781,14,209.5,0,0,0,1,0
782,14,210.5,1,0,0,0,0
783,14,211.5,1,0,0,0,0
784,14,212.5,0,0,0,0,0
785,14,213.5,0,0,0,0,0
786,14,214.5,0,0,0,0,0
787,14,215.5,0,0,0,0,0
788,15,202.067,0,0,0,1,0
789,15,203.067,1,0,0,0,0
790,14,174.714,1,1,0,0,0
791,14,175.714,0,0,0,0,0
792,15,164.933,0,0,0,1,0
793,15,165.933,1,0,0,0,0
794,15,166.933,0,0,0,0,0
795,15,167.933,0,0,0,0,0
796,15,168.933,0,0,0,0,0
797,15,169.933,0,0,0,0,0
798,15,170.933,0,0,0,0,0
799,15,171.933,0,0,0,0,0
800,15,172.933,0,0,0,0,0
801,15,173.933,0,0,0,0,0
802,15,174.933,0,0,0,0,0
803,15,175.933,0,0,0,0,0
804,16,165.875,0,0,0,1,0
805,17,157.059,1,0,0,1,0
806,17,158.059,1,0,0,0,0
807,17,159.059,1,0,0,0,0
808,17,160.059,1,0,0,0,0
809,16,148.625,1,1,0,0,0
810,14,156.429,1,2,0,0,0
811,14,157.429,0,0,0,0,0
812,14,158.429,0,0,0,0,0
813,14,159.429,0,0,0,0,0
814,14,160.429,0,0,0,0,0
815,14,161.429,0,0,0,0,0
816,14,162.429,0,0,0,0,0
817,14,163.429,0,0,0,0,0
818,15,153.467,0,0,0,1,0
819,14,164.429,1,1,0,0,0
820,14,165.429,0,0,0,0,0
821,14,166.429,0,0,0,0,0
822,14,167.429,0,0,0,0,0
823,14,168.429,0,0,0,0,0
824,14,169.429,0,0,0,0,0
825,14,170.429,0,0,0,0,0
826,14,171.429,0,0,0,0,0
827,14,172.429,0,0,0,0,0
828,14,173.429,0,0,0,0,0
829,14,174.429,0,0,0,0,0
830,14,175.429,0,0,0,0,0
831,14,176.429,0,0,0,0,0
832,14,177.429,0,0,0,0,0
833,14,178.429,0,0,0,0,0
834,15,167.467,0,0,0,1,0
835,16,157.938,1,0,0,1,0
836,16,158.938,2,0,0,0,0
837,16,159.938,2,0,0,0,0
838,17,151.471,2,0,0,1,0
839,16,161.688,3,1,0,0,0
840,16,162.688,1,0,0,0,0
841,16,163.688,1,0,0,0,0
842,16,136,1,1,0,1,0
843,16,137,1,0,0,0,0
844,16,138,1,0,0,0,0
845,15,128.067,1,0,1,0,0
846,15,129.067,1,0,0,0,0
847,16,121.938,1,0,0,1,0
848,17,115.706,2,0,0,0,1
849,17,116.706,1,0,0,0,0
850,17,117.706,1,0,0,0,0
851,17,118.706,1,0,0,0,0
852,17,119.706,1,0,0,0,0
853,18,114,1,0,0,1,0
854,18,114.667,2,1,0,0,1
855,17,121.294,2,1,0,0,0
856,17,122.294,1,0,0,0,0
857,17,123.294,1,0,0,0,0
858,17,124.294,1,0,0,0,0
859,17,125.294,1,0,0,0,0
860,17,126.294,1,0,0,0,0
861,17,127.294,1,0,0,0,0
862,16,135.062,1,1,0,0,0
863,16,136.062,0,0,0,0,0
864,16,137.062,0,0,0,0,0
865,16,138.062,0,0,0,0,0
866,16,139.062,0,0,0,0,0
867,16,140.062,0,0,0,0,0
868,16,141.062,0,0,0,0,0
869,16,142.062,0,0,0,0,0
870,17,134.647,0,0,0,1,0
871,17,135.647,1,0,0,0,0
872,17,136.647,1,0,0,0,0
873,17,137.647,1,0,0,0,0
874,17,138.647,1,0,0,0,0
875,17,139.647,1,0,0,0,0
876,17,140.647,1,0,0,0,0
877,17,141.647,1,0,0,0,0
878,16,149.062,2,1,0,0,0
879,16,150.062,1,0,0,0,0
880,16,151.062,1,0,0,0,0
881,16,152.062,1,0,0,0,0
882,16,153.062,1,0,0,0,0
883,14,169.571,1,2,0,0,0
884,14,170.571,0,0,0,0,0
885,14,171.571,0,0,0,0,0
886,15,161.067,0,0,0,1,0
887,15,162.067,1,0,0,0,0
888,14,142.429,1,1,0,0,0
889,14,143.429,0,0,0,0,0
890,15,134.8,0,0,0,1,0
891,15,135.8,1,0,0,0,0
892,15,136.8,0,0,0,0,0
893,15,137.8,0,0,0,0,0
894,15,138.8,0,0,0,0,0
895,15,139.8,0,0,0,0,0
896,15,140.8,0,0,0,0,0
897,15,141.8,0,0,0,0,0
898,15,142.8,0,0,0,0,0
899,15,143.8,0,0,0,0,0
900,15,144.8,0,0,0,0,0
901,15,145.8,0,0,0,0,0
902,15,146.8,0,0,0,0,0
903,15,147.8,0,0,0,0,0
904,15,148.8,0,0,0,0,0
905,15,149.8,0,0,0,0,0
906,15,150.8,0,0,0,0,0
907,15,151.8,0,0,0,0,0
908,15,152.8,0,0,0,0,0
909,15,153.8,0,0,0,0,0
910,16,145.125,0,0,0,1,0
911,16,146.125,1,0,0,0,0
912,16,147.125,0,0,0,0,0
913,16,148.125,0,0,0,0,0
914,16,149.125,0,0,0,0,0
915,16,150.125,0,0,0,0,0
916,16,151.125,1,0,0,0,0
917,17,143.176,0,0,0,0,1
918,17,144.176,0,0,0,0,0
919,17,145.176,0,0,0,0,0
920,17,146.176,0,0,0,0,0
921,17,147.176,0,0,0,0,0
922,17,148.176,0,0,0,0,0
923,17,149.176,0,0,0,0,0
924,17,150.176,0,0,0,0,0
925,17,151.176,0,0,0,0,0
926,17,152.176,0,0,0,0,0
927,17,153.176,0,0,0,0,0
928,18,145.611,0,0,0,1,0
929,18,146.611,1,0,0,0,0
930,18,147.611,0,0,0,0,0
931,18,148.611,0,0,0,0,0
932,18,149.611,0,0,0,0,0
933,18,150.611,0,0,0,0,0
934,18,151.611,0,0,0,0,0
935,18,152.611,0,0,0,0,0
936,18,153.611,0,0,0,0,0
937,18,154.611,0,0,0,0,0
938,18,155.611,0,0,0,0,0
939,18,156.611,0,0,0,0,0
940,19,149.316,0,0,0,1,0
941,19,150.316,1,0,0,0,0
942,20,143.75,0,0,0,1,0
943,20,144.75,1,0,0,0,0
944,20,145.75,1,0,0,0,0
945,20,146.75,0,0,0,0,0
946,20,147.75,0,0,0,0,0
947,20,148.75,0,0,0,0,0
948,20,149.75,0,0,0,0,0
949,20,150.75,0,0,0,0,0
950,20,151.75,0,0,0,0,0
951,21,145.476,0,0,0,1,0
952,21,146.476,1,0,0,0,0
953,21,147.476,0,0,0,0,0
954,21,148.476,0,0,0,0,0
955,22,142.682,0,0,0,1,0
956,23,137.435,1,0,0,1,0
957,23,138.435,2,0,0,0,0
958,23,139.435,2,0,0,0,0
959,23,140.435,1,0,0,0,0
960,22,144.5,2,1,0,0,0
961,22,145.5,1,0,0,0,0
962,22,146.5,1,0,0,0,0
963,22,145.409,1,1,0,1,0
964,17,142.824,0,0,0,0,0
965,17,143.824,0,0,0,0,0
966,17,144.824,0,0,0,0,0
967,17,145.824,0,0,0,0,0
968,13,159.538,0,0,0,0,0
969,13,160.538,0,0,0,0,0
970,13,161.538,0,0,0,0,0
971,13,162.538,0,0,0,0,0
972,13,163.538,0,0,0,0,0
973,10,162.1,0,0,0,0,0
974,10,163.1,0,0,0,0,0
975,11,149.182,0,0,0,0,1
976,11,150.182,0,0,0,0,0
977,11,151.182,0,0,0,0,0
978,11,152.182,0,0,0,0,0
979,9,117.556,0,0,0,0,0
980,9,118.556,0,0,0,0,0
981,9,119.556,0,0,0,0,0
982,9,120.556,0,0,0,0,0
983,9,121.556,0,0,0,0,0
984,7,95.7143,0,0,0,0,0
985,7,96.7143,0,0,0,0,0
986,7,97.7143,0,0,0,0,0
987,7,98.7143,0,0,0,0,0
988,7,99.7143,0,0,0,0,0
989,7,100.714,0,0,0,0,0
990,6,83.8333,0,0,0,0,0
991,6,84.8333,0,0,0,0,0
992,6,85.8333,0,0,0,0,0
993,6,86.8333,0,0,0,0,0
994,6,87.8333,0,0,0,0,0
995,5,98.6,0,0,0,0,0
996,5,99.6,0,0,0,0,0
997,5,100.6,0,0,0,0,0
998,5,101.6,0,0,0,0,0
999,5,102.6,0,0,0,0,0
1000,5,103.6,0,0,0,0,0
1001,4,77.5,0,0,0,0,0
1002,4,78.5,0,0,0,0,0
1003,4,79.5,0,0,0,0,0
1004,4,80.5,0,0,0,0,0
1005,4,81.5,0,0,0,0,0
1006,4,82.5,0,0,0,0,0
1007,4,83.5,0,0,0,0,0
1008,4,84.5,0,0,0,0,0
1009,4,85.5,0,0,0,0,0
1010,4,86.5,0,0,0,0,0
1011,4,87.5,0,0,0,0,0
1012,4,88.5,0,0,0,0,0
1013,4,89.5,0,0,0,0,0
1014,4,90.5,0,0,0,0,0
1015,4,91.5,0,0,0,0,0
1016,4,92.5,0,0,0,0,0
1017,4,93.5,0,0,0,0,0
1018,4,94.5,0,0,0,0,0
1019,4,95.5,0,0,0,0,0
1020,4,96.5,0,0,0,0,0
1021,4,97.5,0,0,0,0,0
1022,4,98.5,0,0,0,0,0
1023,4,99.5,0,0,0,0,0
1024,3,111.333,0,0,0,0,0
1025,3,112.333,0,0,0,0,0
1026,3,113.333,0,0,0,0,0
1027,3,114.333,0,0,0,0,0
1028,3,115.333,0,0,0,0,0
1029,3,116.333,0,0,0,0,0
1030,3,117.333,0,0,0,0,0
1031,2,88.5,0,0,0,0,0
1032,2,89.5,0,0,0,0,0
1033,2,90.5,0,0,0,0,0
1034,2,91.5,0,0,0,0,0
1035,2,92.5,0,0,0,0,0
1036,2,93.5,0,0,0,0,0
1037,2,94.5,0,0,0,0,0
1038,1,128,0,0,0,0,0
1039,1,129,0,0,0,0,0
1040,1,130,0,0,0,0,0
1041,1,131,0,0,0,0,0
1042,1,132,0,0,0,0,0
1043,1,133,0,0,0,0,0
1044,1,134,0,0,0,0,0
1045,1,135,0,0,0,0,0
1046,1,136,0,0,0,0,0
1047,1,137,0,0,0,0,0
1048,1,138,0,0,0,0,0
1049,1,139,0,0,0,0,0
1050,1,140,0,0,0,0,0
1051,1,141,0,0,0,0,0
1052,1,142,0,0,0,0,0
1053,1,143,0,0,0,0,0
1054,1,144,0,0,0,0,0
1055,1,145,0,0,0,0,0
1056,1,146,0,0,0,0,0
1057,1,147,0,0,0,0,0
1058,1,148,0,0,0,0,0
1059,1,149,0,0,0,0,0
1060,2,75,0,0,0,1,0
1061,1,1,1,1,0,0,0
1062,1,2,0,0,0,0,0
1063,1,3,0,0,0,0,0
1064,1,4,0,0,0,0,0
1065,1,5,0,0,0,0,0
1066,1,6,0,0,0,0,0
1067,1,7,0,0,0,0,0
1068,1,8,0,0,0,0,0
1069,1,9,0,0,0,0,0
1070,1,10,0,0,0,0,0
1071,1,11,0,0,0,0,0
1072,1,12,0,0,0,0,0
1073,1,13,0,0,0,0,0
1074,1,14,0,0,0,0,0
1075,1,15,0,0,0,0,0
1076,1,16,0,0,0,0,0
1077,1,17,0,0,0,0,0
1078,1,18,0,0,0,0,0
1079,1,19,0,0,0,0,0
1080,1,20,0,0,0,0,0
1081,1,21,0,0,0,0,0
1082,1,22,0,0,0,0,0
1083,1,23,0,0,0,0,0
1084,1,24,0,0,0,0,0
1085,1,25,0,0,0,0,0
1086,1,26,0,0,0,0,0
1087,1,27,0,0,0,0,0
1088,1,28,0,0,0,0,0
1089,1,29,0,0,0,0,0
1090,1,30,0,0,0,0,0
1091,1,31,0,0,0,0,0
1092,1,32,0,0,0,0,0
1093,1,33,0,0,0,0,0
1094,1,34,0,0,0,0,0
1095,1,35,0,0,0,0,0
1096,1,36,0,0,0,0,0
1097,1,37,0,0,0,0,0
1098,1,38,0,0,0,0,0
1099,1,39,0,0,0,0,0
1100,1,40,0,0,0,0,0
1101,1,41,0,0,0,0,0
1102,1,42,0,0,0,0,0
1103,1,43,0,0,0,0,0
1104,1,44,0,0,0,0,0
1105,1,45,0,0,0,0,0
1106,1,46,0,0,0,0,0
1107,1,47,0,0,0,0,0
1108,1,48,0,0,0,0,0
1109,1,49,0,0,0,0,0
1110,1,50,0,0,0,0,0
1111,1,51,0,0,0,0,0
1112,1,52,0,0,0,0,0
1113,1,53,0,0,0,0,0
1114,1,54,0,0,0,0,0
1115,1,55,0,0,0,0,0
1116,1,56,0,0,0,0,0
1117,1,57,0,0,0,0,0
1118,1,58,0,0,0,0,0
1119,1,59,0,0,0,0,0
1120,1,60,0,0,0,0,0
1121,1,61,0,0,0,0,0
1122,1,62,0,0,0,0,0
1123,1,63,0,0,0,0,0
1124,0,0,0,0,0,0,0
1125,0,0,0,0,0,0,0
1126,0,0,0,0,0,0,0
1127,0,0,0,0,0,0,0
1128,0,0,0,0,0,0,0
1129,0,0,0,0,0,0,0
1130,0,0,0,0,0,0,0
1131,0,0,0,0,0,0,0
1132,0,0,0,0,0,0,0
1133,0,0,0,0,0,0,0
1134,0,0,0,0,0,0,0
1135,0,0,0,0,0,0,0
1136,0,0,0,0,0,0,0
1137,0,0,0,0,0,0,0
1138,0,0,0,0,0,0,0
1139,0,0,0,0,0,0,0
1140,0,0,0,0,0,0,0
1141,0,0,0,0,0,0,0
1142,0,0,0,0,0,0,0
1143,0,0,0,0,0,0,0
1144,0,0,0,0,0,0,0
1145,0,0,0,0,0,0,0
1146,0,0,0,0,0,0,0
1147,0,0,0,0,0,0,0
1148,0,0,0,0,0,0,0
1149,0,0,0,0,0,0,0
1150,0,0,0,0,0,0,0
1151,0,0,0,0,0,0,0
1152,0,0,0,0,0,0,0
1153,0,0,0,0,0,0,0
1154,0,0,0,0,0,0,0
1155,0,0,0,0,0,0,0
1156,0,0,0,0,0,0,0
1157,0,0,0,0,0,0,0
1158,0,0,0,0,0,0,0
1159,0,0,0,0,0,0,0
1160,0,0,0,0,0,0,0
1161,0,0,0,0,0,0,0
1162,0,0,0,0,0,0,0
1163,0,0,0,0,0,0,0
1164,0,0,0,0,0,0,0
1165,0,0,0,0,0,0,0
1166,0,0,0,0,0,0,0
1167,0,0,0,0,0,0,0
1168,0,0,0,0,0,0,0
1169,0,0,0,0,0,0,0
1170,0,0,0,0,0,0,0
1171,0,0,0,0,0,0,0
1172,0,0,0,0,0,0,0
1173,0,0,0,0,0,0,0
1174,0,0,0,0,0,0,0
1175,0,0,0,0,0,0,0
1176,0,0,0,0,0,0,0
1177,0,0,0,0,0,0,0
1178,0,0,0,0,0,0,0
1179,0,0,0,0,0,0,0
1180,0,0,0,0,0,0,0
1181,0,0,0,0,0,0,0
1182,0,0,0,0,0,0,0
1183,0,0,0,0,0,0,0
1184,0,0,0,0,0,0,0
1185,0,0,0,0,0,0,0
1186,0,0,0,0,0,0,0
1187,0,0,0,0,0,0,0
1188,0,0,0,0,0,0,0
1189,0,0,0,0,0,0,0
1190,0,0,0,0,0,0,0
1191,0,0,0,0,0,0,0
1192,0,0,0,0,0,0,0
1193,0,0,0,0,0,0,0
1194,0,0,0,0,0,0,0
1195,0,0,0,0,0,0,0
1196,0,0,0,0,0,0,0
1197,0,0,0,0,0,0,0
1198,0,0,0,0,0,0,0
1199,0,0,0,0,0,0,0
1200,0,0,0,0,0,0,0
1201,0,0,0,0,0,0,0
1202,0,0,0,0,0,0,0
1203,0,0,0,0,0,0,0
1204,0,0,0,0,0,0,0
1205,0,0,0,0,0,0,0
1206,0,0,0,0,0,0,0
1207,0,0,0,0,0,0,0
1208,0,0,0,0,0,0,0
1209,0,0,0,0,0,0,0
1210,0,0,0,0,0,0,0
1211,0,0,0,0,0,0,0
1212,0,0,0,0,0,0,0
1213,0,0,0,0,0,0,0
1214,0,0,0,0,0,0,0
1215,0,0,0,0,0,0,0
1216,0,0,0,0,0,0,0
1217,0,0,0,0,0,0,0
1218,0,0,0,0,0,0,0
1219,0,0,0,0,0,0,0
1220,0,0,0,0,0,0,0
1221,0,0,0,0,0,0,0
1222,0,0,0,0,0,0,0
1223,0,0,0,0,0,0,0
1224,0,0,0,0,0,0,0
1225,0,0,0,0,0,0,0
1226,0,0,0,0,0,0,0
1227,0,0,0,0,0,0,0
1228,0,0,0,0,0,0,0
1229,0,0,0,0,0,0,0
1230,0,0,0,0,0,0,0
1231,0,0,0,0,0,0,0
1232,0,0,0,0,0,0,0
1233,0,0,0,0,0,0,0
1234,0,0,0,0,0,0,0
1235,0,0,0,0,0,0,0
1236,0,0,0,0,0,0,0
1237,0,0,0,0,0,0,0
1238,0,0,0,0,0,0,0
1239,0,0,0,0,0,0,0
1240,0,0,0,0,0,0,0
1241,0,0,0,0,0,0,0
1242,0,0,0,0,0,0,0
1243,0,0,0,0,0,0,0
1244,0,0,0,0,0,0,0
1245,0,0,0,0,0,0,0
1246,0,0,0,0,0,0,0
1247,0,0,0,0,0,0,0
1248,0,0,0,0,0,0,0
1249,0,0,0,0,0,0,0
1250,0,0,0,0,0,0,0
1251,0,0,0,0,0,0,0
1252,0,0,0,0,0,0,0
1253,0,0,0,0,0,0,0
1254,0,0,0,0,0,0,0
1255,0,0,0,0,0,0,0
1256,0,0,0,0,0,0,0
1257,0,0,0,0,0,0,0
1258,0,0,0,0,0,0,0
1259,1,1,0,0,0,0,0
1260,1,2,0,0,0,0,0
1261,2,1.5,0,0,0,1,0
1262,2,2.5,1,0,0,0,0
1263,2,1.5,1,1,0,0,0
1264,2,2.5,0,0,0,0,0
1265,2,3.5,0,0,0,0,0
1266,2,4.5,0,0,0,0,0
1267,2,5.5,0,0,0,0,0
1268,3,4.66667,0,0,0,0,0
1269,3,5.66667,0,0,0,0,0
1270,3,6.66667,0,0,0,0,0
1271,3,7.66667,0,0,0,0,0
1272,3,8.66667,0,0,0,0,0
1273,4,7.5,0,0,0,0,0
1274,4,8.5,0,0,0,0,0
1275,5,7.6,0,0,0,1,0
1276,5,8.6,1,0,0,0,0
1277,5,9.6,1,0,0,0,0
1278,5,9.6,1,1,0,0,0
1279,5,10.6,0,0,0,0,0
1280,5,11.6,0,0,0,0,0
1281,5,12.6,0,0,0,0,0
1282,5,13.6,0,0,0,0,0
1283,6,12.1667,0,0,0,1,0
1284,5,15.6,1,1,0,0,0
1285,5,16.6,0,0,0,0,0
1286,5,17.6,0,0,0,0,0
1287,5,18.6,0,0,0,0,0
1288,5,19.6,0,0,0,0,0
1289,5,20.6,0,0,0,0,0
1290,5,21.6,0,0,0,0,0
1291,5,22.6,0,0,0,0,0
1292,5,23.6,0,0,0,0,0
1293,6,20.5,0,0,0,1,0
1294,6,21.5,1,0,0,0,0
1295,5,26.6,1,1,0,0,0
1296,5,27.6,0,0,0,0,0
1297,5,28.6,0,0,0,0,0
1298,5,29.6,0,0,0,0,0
1299,5,30.6,0,0,0,0,0
1300,5,31.6,0,0,0,0,0
1301,5,32.6,0,0,0,0,0
1302,5,33.6,0,0,0,0,0
1303,5,34.6,0,0,0,0,0
1304,5,35.6,0,0,0,0,0
1305,5,36.6,0,0,0,0,0
1306,6,31.3333,0,0,0,1,0
1307,6,32.3333,1,0,0,0,0
1308,5,33.4,1,1,0,0,0
1309,5,34.4,0,0,0,0,0
1310,6,29.5,0,0,0,1,0
1311,6,30.5,1,0,0,0,0
1312,5,37.4,1,1,0,0,0
1313,5,38.4,0,0,0,0,0
1314,5,39.4,0,0,0,0,0
1315,5,40.4,0,0,0,0,0
1316,5,41.4,0,0,0,0,0
1317,5,42.4,0,0,0,0,0
1318,5,43.4,0,0,0,0,0
1319,5,44.4,0,0,0,0,0
1320,5,45.4,0,0,0,0,0
1321,5,46.4,0,0,0,0,0
1322,5,47.4,0,0,0,0,0
1323,5,48.4,0,0,0,0,0
1324,5,49.4,0,0,0,0,0
1325,5,50.4,0,0,0,0,0
1326,5,51.4,0,0,0,0,0
1327,5,52.4,0,0,0,0,0
1328,5,53.4,0,0,0,0,0
1329,5,54.4,0,0,0,0,0
1330,5,55.4,0,0,0,0,0
1331,5,56.4,0,0,0,0,0
1332,5,57.4,0,0,0,0,0
1333,5,58.4,0,0,0,0,0
1334,5,59.4,0,0,0,0,0
1335,5,60.4,0,0,0,0,0
1336,5,61.4,0,0,0,0,0
1337,5,62.4,0,0,0,0,0
1338,5,63.4,0,0,0,0,0
1339,5,64.4,0,0,0,0,0
1340,5,65.4,0,0,0,0,0
1341,5,66.4,0,0,0,0,0
1342,5,67.4,0,0,0,0,0
1343,6,57,0,0,0,0,1
1344,6,58,0,0,0,0,0
1345,6,59,0,0,0,0,0
1346,6,60,0,0,0,0,0
1347,6,61,0,0,0,0,0
1348,6,62,0,0,0,0,0
1349,6,63,0,0,0,0,0
1350,6,64,0,0,0,0,0
1351,6,65,0,0,0,0,0
1352,6,66,0,0,0,0,0
1353,6,67,0,0,0,0,0
1354,6,68,0,0,0,0,0
1355,6,69,0,0,0,0,0
1356,6,70,0,0,0,0,0
1357,6,71,0,0,0,0,0
1358,6,72,0,0,0,0,0
1359,6,73,0,0,0,0,0
1360,6,74,0,0,0,0,0
1361,6,75,0,0,0,0,0
1362,6,76,0,0,0,0,0
1363,6,77,0,0,0,0,0
1364,6,78,0,0,0,0,0
1365,6,79,0,0,0,0,0
1366,6,80,0,0,0,0,0
1367,6,81,0,0,0,0,0
1368,6,82,0,0,0,0,0
1369,6,83,0,0,0,0,0
1370,6,84,0,0,0,0,0
1371,6,85,0,0,0,0,0
1372,6,86,0,0,0,0,0
1373,6,87,0,0,0,0,0
1374,6,88,0,0,0,0,0
1375,6,89,0,0,0,0,0
1376,6,90,0,0,0,0,0
1377,6,91,0,0,0,0,0
1378,6,92,0,0,0,0,0
1379,6,93,0,0,0,0,0
1380,6,94,0,0,0,0,0
1381,6,95,0,0,0,0,0
1382,6,96,0,0,0,0,0
1383,6,97,0,0,0,0,0
1384,6,98,0,0,0,0,0
1385,6,99,0,0,0,0,0
1386,6,100,0,0,0,0,0
1387,6,101,0,0,0,0,0
1388,6,102,0,0,0,0,0
1389,6,103,0,0,0,0,0
1390,6,104,0,0,0,0,0
1391,6,105,0,0,0,0,0
1392,6,106,0,0,0,0,0
1393,6,107,0,0,0,0,0
1394,6,108,0,0,0,0,0
1395,6,109,0,0,0,0,0
1396,6,110,0,0,0,0,0
1397,6,111,0,0,0,0,0
1398,6,112,0,0,0,0,0
1399,6,113,0,0,0,0,0
1400,6,114,0,0,0,0,0
1401,6,115,0,0,0,0,0
1402,6,116,0,0,0,0,0
1403,6,117,0,0,0,0,0
1404,6,118,0,0,0,0,0
1405,6,119,0,0,0,0,0
1406,6,120,0,0,0,0,0
1407,6,121,0,0,0,0,0
1408,6,122,0,0,0,0,0
1409,6,123,1,0,0,0,0
1410,6,124,0,0,0,0,0
1411,6,125,0,0,0,0,0
1412,6,126,0,0,0,0,0
1413,6,127,0,0,0,0,0
1414,6,128,0,0,0,0,0
1415,6,129,0,0,0,0,0
1416,6,130,0,0,0,0,0
1417,6,131,0,0,0,0,0
1418,6,132,0,0,0,0,0
1419,7,114,0,0,0,1,0
1420,7,115,1,0,0,0,0
1421,7,116,1,0,0,0,0
1422,7,117,1,0,0,0,0
1423,7,118,1,0,0,0,0
1424,7,119,1,0,0,0,0
1425,6,113.667,1,1,0,0,0
1426,6,114.667,0,0,0,0,0
1427,6,115.667,0,0,0,0,0
1428,6,116.667,0,0,0,0,0
1429,6,117.667,0,0,0,0,0
1430,6,118.667,0,0,0,0,0
1431,6,119.667,0,0,0,0,0
1432,6,120.667,0,0,0,0,0
1433,6,121.667,0,0,0,0,0
1434,6,122.667,0,0,0,0,0
1435,6,123.667,0,0,0,0,0
1436,5,114.8,1,1,0,0,0
1437,5,115.8,0,0,0,0,0
1438,5,116.8,0,0,0,0,0
1439,5,117.8,0,0,0,0,0
1440,5,118.8,0,0,0,0,0
1441,6,99.8333,0,0,0,1,0
1442,6,100.833,1,0,0,0,0
1443,6,101.833,1,0,0,0,0
1444,6,102.833,1,0,0,0,0
1445,5,87.8,1,1,0,0,0
1446,5,88.8,0,0,0,0,0
1447,5,89.8,0,0,0,0,0
1448,5,90.8,0,0,0,0,0
1449,5,91.8,0,0,0,0,0
1450,5,92.8,0,0,0,0,0
1451,5,93.8,0,0,0,0,0
1452,5,94.8,0,0,0,0,0
1453,5,95.8,0,0,0,0,0
1454,5,96.8,0,0,0,0,0
1455,5,97.8,0,0,0,0,0
1456,5,98.8,0,0,0,0,0
1457,5,99.8,0,0,0,0,0
1458,5,100.8,0,0,0,0,0
1459,5,101.8,0,0,0,0,0
1460,5,102.8,0,0,0,0,0
1461,5,103.8,0,0,0,0,0
1462,5,104.8,0,0,0,0,0
1463,5,105.8,0,0,0,0,0
1464,5,106.8,0,0,0,0,0
1465,5,107.8,0,0,0,0,0
1466,5,108.8,0,0,0,0,0
1467,5,109.8,0,0,0,0,0
1468,5,110.8,0,0,0,0,0
1469,5,111.8,0,0,0,0,0
1470,5,112.8,0,0,0,0,0
1471,5,113.8,0,0,0,0,0
1472,5,114.8,0,0,0,0,0
1473,5,115.8,0,0,0,0,0
1474,5,116.8,0,0,0,0,0
1475,5,117.8,0,0,0,0,0
1476,5,118.8,0,0,0,0,0
1477,5,119.8,0,0,0,0,0
1478,5,120.8,0,0,0,0,0
1479,5,121.8,0,0,0,0,0
1480,5,122.8,0,0,0,0,0
1481,5,123.8,0,0,0,0,0
1482,7,89.1429,0,0,0,2,0
1483,7,90.1429,2,0,0,0,0
1484,6,95.5,2,1,0,0,0
1485,6,96.5,1,0,0,0,0
1486,5,116.2,1,1,0,0,0
1487,5,117.2,0,0,0,0,0
1488,5,118.2,0,0,0,0,0
1489,5,119.2,0,0,0,0,0
1490,5,120.2,0,0,0,0,0
1491,5,121.2,0,0,0,0,0
1492,5,122.2,0,0,0,0,0
1493,6,102.667,0,0,0,1,0
1494,6,103.667,1,0,0,0,0
1495,6,104.667,1,0,0,0,0
1496,6,105.667,1,0,0,0,0
1497,6,106.667,1,0,0,0,0
1498,6,107.667,1,0,0,0,0
1499,6,108.667,1,0,0,0,0
1500,6,109.667,1,0,0,0,0
1501,6,110.667,1,0,0,0,0
1502,6,111.667,1,0,0,0,0
1503,6,112.667,1,0,0,0,0
1504,6,113.667,1,0,0,0,0
1505,6,114.667,1,0,0,0,0
1506,6,115.667,1,0,0,0,0
1507,6,116.667,1,0,0,0,0
1508,6,117.667,1,0,0,0,0
1509,6,118.667,1,0,0,0,0
1510,6,119.667,1,0,0,0,0
1511,5,139,1,1,0,0,0
1512,5,140,0,0,0,0,0
1513,5,141,0,0,0,0,0
1514,5,142,0,0,0,0,0
1515,5,143,0,0,0,0,0
1516,6,120,0,0,0,1,0
1517,6,121,1,0,0,0,0
1518,6,122,1,0,0,0,0
1519,6,123,1,0,0,0,0
1520,6,124,1,0,0,0,0
1521,5,107,1,1,0,0,0
1522,5,108,0,0,0,0,0
1523,6,90.8333,0,0,0,0,1
1524,6,91.8333,0,0,0,0,0
1525,6,92.8333,0,0,0,0,0
1526,6,93.8333,0,0,0,0,0
1527,6,94.8333,0,0,0,0,0
1528,6,95.8333,0,0,0,0,0
1529,6,96.8333,0,0,0,0,0
1530,6,97.8333,0,0,0,0,0
1531,6,98.8333,0,0,0,0,0
1532,6,99.8333,0,0,0,0,0
1533,6,100.833,0,0,0,0,0
1534,6,101.833,0,0,0,0,0
1535,6,102.833,0,0,0,0,0
1536,6,103.833,0,0,0,0,0
1537,6,104.833,0,0,0,0,0
1538,6,105.833,0,0,0,0,0
1539,6,106.833,0,0,0,0,0
1540,6,107.833,0,0,0,0,0
1541,6,108.833,0,0,0,0,0
1542,6,109.833,0,0,0,0,0
1543,6,110.833,0,0,0,0,0
1544,6,111.833,0,0,0,0,0
1545,6,112.833,0,0,0,0,0
1546,6,113.833,0,0,0,0,0
1547,6,114.833,0,0,0,0,0
1548,6,115.833,0,0,0,0,0
1549,6,116.833,0,0,0,0,0
1550,6,117.833,0,0,0,0,0
1551,6,118.833,0,0,0,0,0
1552,6,119.833,0,0,0,0,0
1553,6,120.833,0,0,0,0,0
1554,6,121.833,0,0,0,0,0
1555,6,122.833,0,0,0,0,0
1556,6,123.833,0,0,0,0,0
1557,6,124.833,0,0,0,0,0
1558,6,125.833,0,0,0,0,0
1559,6,126.833,0,0,0,0,0
1560,6,127.833,0,0,0,0,0
1561,6,128.833,0,0,0,0,0
1562,6,129.833,0,0,0,0,0
1563,7,112.143,0,0,0,1,0
1564,6,131.833,1,1,0,0,0
1565,6,132.833,0,0,0,0,0
1566,6,133.833,0,0,0,0,0
1567,6,134.833,0,0,0,0,0
1568,6,135.833,0,0,0,0,0
1569,6,136.833,0,0,0,0,0
1570,6,137.833,0,0,0,0,0
1571,6,138.833,0,0,0,0,0
1572,6,139.833,0,0,0,0,0
1573,6,140.833,0,0,0,0,0
1574,6,141.833,0,0,0,0,0
1575,6,142.833,0,0,0,0,0
1576,6,143.833,0,0,0,0,0
1577,6,144.833,0,0,0,0,0
1578,6,145.833,0,0,0,0,0
1579,6,146.833,0,0,0,0,0
1580,6,147.833,0,0,0,0,0
1581,6,148.833,0,0,0,0,0
1582,6,149.833,0,0,0,0,0
1583,6,150.833,0,0,0,0,0
1584,5,168.6,1,1,0,0,0
1585,5,169.6,0,0,0,0,0
1586,5,170.6,0,0,0,0,0
1587,5,171.6,0,0,0,0,0
1588,5,172.6,0,0,0,0,0
1589,5,173.6,0,0,0,0,0
1590,5,174.6,0,0,0,0,0
1591,5,175.6,0,0,0,0,0
1592,5,176.6,0,0,0,0,0
1593,5,177.6,0,0,0,0,0
1594,5,178.6,0,0,0,0,0
1595,5,179.6,0,0,0,0,0
1596,5,180.6,0,0,0,0,0
1597,5,181.6,0,0,0,0,0
1598,5,182.6,0,0,0,0,0
1599,5,183.6,0,0,0,0,0
1600,5,184.6,0,0,0,0,0
1601,5,185.6,0,0,0,0,0
1602,5,186.6,0,0,0,0,0
1603,5,187.6,0,0,0,0,0
1604,5,188.6,0,0,0,0,0
1605,5,189.6,0,0,0,0,0
1606,5,190.6,0,0,0,0,0
1607,6,159.667,0,0,0,1,0
1608,6,160.667,1,0,0,0,0
1609,6,161.667,0,0,0,0,0
1610,6,162.667,0,0,0,0,0
1611,6,163.667,0,0,0,0,0
1612,6,164.667,0,0,0,0,0
1613,6,165.667,0,0,0,0,0
1614,6,166.667,0,0,0,0,0
1615,6,167.667,0,0,0,0,0
1616,6,168.667,0,0,0,0,0
1617,6,169.667,0,0,0,0,0
1618,6,170.667,0,0,0,0,0
1619,6,171.667,0,0,0,0,0
1620,6,172.667,0,0,0,0,0
1621,6,173.667,0,0,0,0,0
1622,6,174.667,0,0,0,0,0
1623,6,175.667,0,0,0,0,0
1624,6,176.667,0,0,0,0,0
1625,6,177.667,0,0,0,0,0
1626,6,178.667,0,0,0,0,0
1627,6,179.667,0,0,0,0,0
1628,6,180.667,0,0,0,0,0
1629,6,181.667,0,0,0,0,0
1630,6,182.667,0,0,0,0,0
1631,6,183.667,0,0,0,0,0
1632,6,184.667,0,0,0,0,0
1633,6,185.667,0,0,0,0,0
1634,6,186.667,0,0,0,0,0
1635,6,187.667,0,0,0,0,0
1636,6,188.667,0,0,0,0,0
1637,6,189.667,0,0,0,0,0
1638,6,190.667,0,0,0,0,0
1639,6,191.667,0,0,0,0,0
1640,7,165.143,1,0,0,1,0
1641,7,166.143,1,0,0,0,0
1642,5,144.4,1,2,0,0,0
1643,5,145.4,0,0,0,0,0
1644,5,146.4,0,0,0,0,0
1645,5,147.4,0,0,0,0,0
1646,5,148.4,0,0,0,0,0
1647,5,149.4,0,0,0,0,0
1648,5,150.4,0,0,0,0,0
1649,5,151.4,0,0,0,0,0
1650,5,152.4,0,0,0,0,0
1651,5,153.4,0,0,0,0,0
1652,5,154.4,0,0,0,0,0
1653,5,155.4,0,0,0,0,0
1654,5,156.4,0,0,0,0,0
1655,5,157.4,0,0,0,0,0
1656,5,158.4,0,0,0,0,0
1657,5,159.4,0,0,0,0,0
1658,5,160.4,0,0,0,0,0
1659,5,161.4,0,0,0,0,0
1660,5,162.4,0,0,0,0,0
1661,5,163.4,0,0,0,0,0
1662,5,164.4,0,0,0,0,0
1663,5,165.4,0,0,0,0,0
1664,5,166.4,0,0,0,0,0
1665,5,167.4,0,0,0,0,0
1666,5,168.4,0,0,0,0,0
1667,5,169.4,0,0,0,0,0
1668,5,170.4,0,0,0,0,0
1669,5,171.4,0,0,0,0,0
1670,5,172.4,0,0,0,0,0
1671,5,173.4,0,0,0,0,0
1672,5,174.4,0,0,0,0,0
1673,5,175.4,0,0,0,0,0
1674,5,176.4,0,0,0,0,0
1675,5,177.4,0,0,0,0,0
1676,5,178.4,0,0,0,0,0
1677,5,179.4,0,0,0,0,0
1678,5,180.4,0,0,0,0,0
1679,5,181.4,0,0,0,0,0
1680,5,182.4,0,0,0,0,0
1681,5,183.4,0,0,0,0,0
1682,5,184.4,0,0,0,0,0
1683,5,185.4,0,0,0,0,0
1684,5,186.4,0,0,0,0,0
1685,6,156.167,0,0,0,0,1
1686,6,157.167,0,0,0,0,0
1687,6,158.167,0,0,0,0,0
1688,6,159.167,0,0,0,0,0
1689,6,160.167,0,0,0,0,0
1690,6,161.167,0,0,0,0,0
1691,6,162.167,0,0,0,0,0
1692,6,163.167,0,0,0,0,0
1693,6,164.167,0,0,0,0,0
1694,6,165.167,0,0,0,0,0
1695,6,166.167,0,0,0,0,0
1696,6,167.167,0,0,0,0,0
1697,6,168.167,0,0,0,0,0
1698,6,169.167,0,0,0,0,0
1699,6,170.167,0,0,0,0,0
1700,6,171.167,0,0,0,0,0
1701,6,172.167,0,0,0,0,0
1702,6,173.167,0,0,0,0,0
1703,6,174.167,0,0,0,0,0
1704,6,175.167,0,0,0,0,0
1705,6,176.167,0,0,0,0,0
1706,6,177.167,0,0,0,0,0
1707,6,178.167,0,0,0,0,0
1708,6,179.167,0,0,0,0,0
1709,6,180.167,0,0,0,0,0
1710,6,181.167,0,0,0,0,0
1711,6,182.167,0,0,0,0,0
1712,6,183.167,0,0,0,0,0
1713,6,184.167,0,0,0,0,0
1714,6,185.167,0,0,0,0,0
1715,6,186.167,0,0,0,0,0
1716,6,187.167,0,0,0,0,0
1717,6,188.167,0,0,0,0,0
1718,6,189.167,0,0,0,0,0
1719,6,190.167,0,0,0,0,0
1720,6,191.167,0,0,0,0,0
1721,6,192.167,0,0,0,0,0
1722,6,193.167,0,0,0,0,0
1723,6,194.167,0,0,0,0,0
1724,6,195.167,0,0,0,0,0
1725,6,196.167,0,0,0,0,0
1726,6,197.167,0,0,0,0,0
1727,6,198.167,0,0,0,0,0
1728,6,199.167,0,0,0,0,0
1729,6,200.167,0,0,0,0,0
1730,6,201.167,0,0,0,0,0
1731,6,202.167,0,0,0,0,0
1732,6,203.167,0,0,0,0,0
1733,6,204.167,0,0,0,0,0
1734,6,205.167,1,0,0,0,0
1735,6,206.167,0,0,0,0,0
1736,6,207.167,0,0,0,0,0
1737,6,208.167,0,0,0,0,0
1738,6,209.167,0,0,0,0,0
1739,6,210.167,0,0,0,0,0
1740,6,211.167,0,0,0,0,0
1741,6,212.167,0,0,0,0,0
1742,6,213.167,0,0,0,0,0
1743,6,214.167,0,0,0,0,0
1744,6,215.167,1,0,0,0,0
1745,6,216.167,0,0,0,0,0
1746,6,217.167,0,0,0,0,0
1747,6,218.167,0,0,0,0,0
1748,6,219.167,0,0,0,0,0
1749,6,220.167,0,0,0,0,0
1750,6,221.167,0,0,0,0,0
1751,6,222.167,0,0,0,0,0
1752,6,223.167,0,0,0,0,0
1753,6,224.167,0,0,0,0,0
1754,6,225.167,0,0,0,0,0
1755,6,226.167,0,0,0,0,0
1756,6,227.167,0,0,0,0,0
1757,6,228.167,0,0,0,0,0
1758,6,229.167,0,0,0,0,0
1759,6,230.167,0,0,0,0,0
1760,6,231.167,0,0,0,0,0
1761,6,232.167,0,0,0,0,0
1762,6,233.167,0,0,0,0,0
1763,6,234.167,0,0,0,0,0
1764,6,235.167,0,0,0,0,0
1765,6,236.167,0,0,0,0,0
1766,7,203.286,0,0,0,0,1
1767,7,204.286,0,0,0,0,0
1768,7,205.286,0,0,0,0,0
1769,7,206.286,0,0,0,0,0
1770,7,207.286,0,0,0,0,0
1771,7,208.286,0,0,0,0,0
1772,7,209.286,0,0,0,0,0
1773,7,210.286,0,0,0,0,0
1774,7,211.286,0,0,0,0,0
1775,7,212.286,0,0,0,0,0
1776,7,213.286,0,0,0,0,0
1777,7,214.286,0,0,0,0,0
1778,7,215.286,0,0,0,0,0
1779,7,216.286,0,0,0,0,0
1780,7,217.286,0,0,0,0,0
1781,7,218.286,0,0,0,0,0
1782,7,219.286,0,0,0,0,0
1783,7,220.286,0,0,0,0,0
1784,7,221.286,0,0,0,0,0
1785,7,222.286,0,0,0,0,0
1786,7,223.286,0,0,0,0,0
1787,7,224.286,0,0,0,0,0
1788,7,225.286,0,0,0,0,0
1789,7,226.286,0,0,0,0,0
1790,7,227.286,0,0,0,0,0
1791,7,228.286,0,0,0,0,0
1792,7,229.286,0,0,0,0,0
1793,7,230.286,0,0,0,0,0
1794,7,231.286,0,0,0,0,0
1795,7,232.286,0,0,0,0,0
1796,7,233.286,0,0,0,0,0
1797,7,234.286,0,0,0,0,0
1798,7,235.286,0,0,0,0,0
1799,7,236.286,0,0,0,0,0
1800,7,237.286,0,0,0,0,0
1801,7,238.286,0,0,0,0,0
1802,7,239.286,0,0,0,0,0
1803,8,210.25,0,0,0,0,1
1804,8,211.25,0,0,0,0,0
1805,8,212.25,0,0,0,0,0
1806,8,213.25,0,0,0,0,0
1807,8,214.25,0,0,0,0,0
1808,8,215.25,0,0,0,0,0
1809,8,216.25,0,0,0,0,0
1810,8,217.25,0,0,0,0,0
1811,8,218.25,0,0,0,0,0
1812,8,219.25,0,0,0,0,0
1813,8,220.25,0,0,0,0,0
1814,8,221.25,0,0,0,0,0
1815,8,222.25,0,0,0,0,0
1816,8,223.25,0,0,0,0,0
1817,8,224.25,0,0,0,0,0
1818,8,225.25,0,0,0,0,0
1819,8,226.25,0,0,0,0,0
1820,8,227.25,0,0,0,0,0
1821,8,228.25,0,0,0,0,0
1822,8,229.25,0,0,0,0,0
1823,8,230.25,0,0,0,0,0
1824,8,231.25,0,0,0,0,0
1825,8,232.25,0,0,0,0,0
1826,8,233.25,0,0,0,0,0
1827,8,234.25,0,0,0,0,0
1828,8,235.25,0,0,0,0,0
1829,8,236.25,0,0,0,0,0
1830,8,237.25,0,0,0,0,0
1831,8,238.25,0,0,0,0,0
1832,8,239.25,0,0,0,0,0
1833,8,240.25,0,0,0,0,0
1834,8,241.25,0,0,0,0,0
1835,8,242.25,0,0,0,0,0
1836,8,243.25,0,0,0,0,0
1837,8,244.25,0,0,0,0,0
1838,8,245.25,0,0,0,0,0
1839,8,246.25,0,0,0,0,0
1840,8,247.25,0,0,0,0,0
1841,8,248.25,0,0,0,0,0
1842,8,249.25,0,0,0,0,0
1843,8,250.25,0,0,0,0,0
1844,8,251.25,0,0,0,0,0
1845,8,252.25,0,0,0,0,0
1846,8,253.25,0,0,0,0,0
1847,8,254.25,0,0,0,0,0
1848,8,255.25,0,0,0,0,0
1849,8,256.25,0,0,0,0,0
1850,8,257.25,0,0,0,0,0
1851,8,258.25,0,0,0,0,0
1852,8,259.25,0,0,0,0,0
1853,8,260.25,0,0,0,0,0
1854,8,261.25,0,0,0,0,0
1855,8,262.25,0,0,0,0,0
1856,8,263.25,0,0,0,0,0
1857,9,234.889,0,0,0,1,0
1858,9,235.889,1,0,0,0,0
1859,8,244.75,2,1,0,0,0
1860,8,245.75,0,0,0,0,0
1861,8,246.75,0,0,0,0,0
1862,8,247.75,0,0,0,0,0
1863,8,248.75,0,0,0,0,0
1864,8,249.75,1,0,0,0,0
1865,8,250.75,1,0,0,0,0
1866,8,251.75,1,0,0,0,0
1867,8,252.75,1,0,0,0,0
1868,8,253.75,1,0,0,0,0
1869,8,254.75,1,0,0,0,0
1870,6,240,1,2,0,0,0
1871,6,241,0,0,0,0,0
1872,6,242,0,0,0,0,0
1873,6,243,0,0,0,0,0
1874,6,244,0,0,0,0,0
1875,6,245,0,0,0,0,0
1876,6,246,0,0,0,0,0
1877,6,247,0,0,0,0,0
1878,6,248,0,0,0,0,0
1879,6,249,0,0,0,0,0
1880,6,250,0,0,0,0,0
1881,6,251,0,0,0,0,0
1882,6,252,0,0,0,0,0
1883,6,253,0,0,0,0,0
1884,6,254,0,0,0,0,0
1885,6,255,0,0,0,0,0
1886,6,256,0,0,0,0,0
1887,6,257,0,0,0,0,0
1888,6,258,0,0,0,0,0
1889,6,259,0,0,0,0,0
1890,6,260,0,0,0,0,0
1891,6,261,0,0,0,0,0
1892,6,262,0,0,0,0,0
1893,6,263,0,0,0,0,0
1894,6,264,0,0,0,0,0
1895,6,265,0,0,0,0,0
1896,6,266,0,0,0,0,0
1897,6,267,0,0,0,0,0
1898,6,268,0,0,0,0,0
1899,6,269,0,0,0,0,0
1900,6,270,0,0,0,0,0
1901,6,271,0,0,0,0,0
1902,6,272,0,0,0,0,0
1903,6,273,0,0,0,0,0
1904,6,274,0,0,0,0,0
1905,6,275,0,0,0,0,0
1906,6,276,0,0,0,0,0
1907,6,277,0,0,0,0,0
1908,6,278,0,0,0,0,0
1909,6,279,0,0,0,0,0
1910,6,280,0,0,0,0,0
1911,6,281,0,0,0,0,0
1912,6,282,0,0,0,0,0
1913,6,283,0,0,0,0,0
1914,6,284,0,0,0,0,0
1915,6,285,0,0,0,0,0
1916,6,286,0,0,0,0,0
1917,6,287,0,0,0,0,0
1918,6,288,0,0,0,0,0
1919,6,289,0,0,0,0,0
1920,6,290,0,0,0,0,0
1921,6,291,0,0,0,0,0
1922,6,292,0,0,0,0,0
1923,6,293,0,0,0,0,0
1924,7,252,0,0,0,1,0
1925,6,295,1,1,0,0,0
1926,7,253.714,0,0,0,1,0
1927,7,254.714,1,0,0,0,0
1928,7,255.714,1,0,0,0,0
1929,7,256.714,0,0,0,0,0
1930,7,257.714,0,0,0,0,0
1931,7,258.714,0,0,0,0,0
1932,7,259.714,0,0,0,0,0
1933,7,260.714,0,0,0,0,0
1934,7,261.714,0,0,0,0,0
1935,7,262.714,0,0,0,0,0
1936,7,263.714,0,0,0,0,0
1937,7,264.714,0,0,0,0,0
1938,7,265.714,0,0,0,0,0
1939,7,266.714,0,0,0,0,0
1940,7,267.714,0,0,0,0,0
1941,7,268.714,0,0,0,0,0
1942,7,269.714,0,0,0,0,0
1943,7,270.714,0,0,0,0,0
1944,7,271.714,0,0,0,0,0
1945,7,272.714,0,0,0,0,0
1946,7,273.714,0,0,0,0,0
1947,7,274.714,0,0,0,0,0
1948,8,241.25,0,0,0,1,0
1949,9,215.333,1,0,0,0,1
1950,9,216.333,1,0,0,0,0
1951,9,217.333,0,0,0,0,0
1952,9,218.333,0,0,0,0,0
1953,9,219.333,0,0,0,0,0
1954,9,220.333,0,0,0,0,0
1955,9,221.333,0,0,0,0,0
1956,9,222.333,0,0,0,0,0
1957,9,223.333,0,0,0,0,0
1958,9,224.333,0,0,0,0,0
1959,9,225.333,0,0,0,0,0
1960,9,226.333,0,0,0,0,0
1961,9,227.333,0,0,0,0,0
1962,9,228.333,0,0,0,0,0
1963,9,229.333,0,0,0,0,0
1964,9,230.333,0,0,0,0,0
1965,9,231.333,0,0,0,0,0
1966,9,232.333,0,0,0,0,0
1967,9,233.333,0,0,0,0,0
1968,9,234.333,0,0,0,0,0
1969,9,235.333,0,0,0,0,0
1970,9,236.333,0,0,0,0,0
1971,9,237.333,0,0,0,0,0
1972,9,238.333,0,0,0,0,0
1973,9,239.333,0,0,0,0,0
1974,9,240.333,0,0,0,0,0
1975,10,217.2,0,0,0,1,0
1976,10,218.2,1,0,0,0,0
1977,8,252,1,2,0,0,0
1978,8,253,0,0,0,0,0
1979,8,254,0,0,0,0,0
1980,8,255,0,0,0,0,0
1981,8,256,0,0,0,0,0
1982,8,257,0,0,0,0,0
1983,8,258,0,0,0,0,0
1984,8,259,0,0,0,0,0
1985,8,260,0,0,0,0,0
1986,8,261,0,0,0,0,0
1987,8,262,0,0,0,0,0
1988,8,263,0,0,0,0,0
1989,8,264,0,0,0,0,0
1990,8,265,0,0,0,0,0
1991,8,266,0,0,0,0,0
1992,8,267,0,0,0,0,0
1993,9,238.222,0,0,0,1,0
1994,9,239.222,1,0,0,0,0
1995,8,241.625,1,1,0,0,0
1996,8,242.625,0,0,0,0,0
1997,8,243.625,0,0,0,0,0
1998,8,244.625,0,0,0,0,0
1999,8,245.625,0,0,0,0,0
2000,8,246.625,0,0,0,0,0
2001,8,247.625,0,0,0,0,0
2002,8,248.625,0,0,0,0,0
2003,8,249.625,0,0,0,0,0
2004,8,250.625,0,0,0,0,0
2005,8,251.625,0,0,0,0,0
2006,8,252.625,0,0,0,0,0
2007,9,225.444,0,0,0,0,1
2008,9,226.444,0,0,0,0,0
2009,9,227.444,0,0,0,0,0
2010,9,228.444,0,0,0,0,0
2011,9,229.444,0,0,0,0,0
2012,9,230.444,0,0,0,0,0
2013,9,231.444,0,0,0,0,0
2014,9,232.444,0,0,0,0,0
2015,9,233.444,0,0,0,0,0
2016,9,234.444,0,0,0,0,0
2017,9,235.444,0,0,0,0,0
2018,9,236.444,0,0,0,0,0
2019,9,237.444,0,0,0,0,0
2020,9,238.444,0,0,0,0,0
2021,9,239.444,0,0,0,0,0
2022,9,240.444,0,0,0,0,0
2023,9,241.444,0,0,0,0,0
2024,9,242.444,0,0,0,0,0
2025,9,243.444,0,0,0,0,0
2026,9,244.444,0,0,0,0,0
2027,9,245.444,0,0,0,0,0
2028,10,221.8,0,0,0,1,0
2029,9,247.444,1,1,0,0,0
2030,9,248.444,0,0,0,0,0
2031,9,249.444,0,0,0,0,0
2032,9,250.444,0,0,0,0,0
2033,9,251.444,0,0,0,0,0
2034,9,252.444,0,0,0,0,0
2035,9,253.444,0,0,0,0,0
2036,9,254.444,0,0,0,0,0
2037,9,255.444,0,0,0,0,0
2038,9,256.444,0,0,0,0,0
2039,9,257.444,0,0,0,0,0
2040,9,258.444,0,0,0,0,0
2041,9,259.444,0,0,0,0,0
2042,9,260.444,0,0,0,0,0
2043,9,261.444,0,0,0,0,0
2044,9,262.444,0,0,0,0,0
2045,9,263.444,0,0,0,0,0
2046,9,264.444,0,0,0,0,0
2047,9,265.444,0,0,0,0,0
2048,9,266.444,0,0,0,0,0
2049,9,267.444,0,0,0,0,0
2050,9,268.444,0,0,0,0,0
2051,9,269.444,0,0,0,0,0
2052,9,270.444,0,0,0,0,0
2053,9,271.444,0,0,0,0,0
2054,9,272.444,0,0,0,0,0
2055,9,273.444,0,0,0,0,0
2056,9,274.444,0,0,0,0,0
2057,9,275.444,0,0,0,0,0
2058,9,276.444,0,0,0,0,0
2059,9,277.444,0,0,0,0,0
2060,9,278.444,0,0,0,0,0
2061,9,279.444,0,0,0,0,0
2062,9,280.444,0,0,0,0,0
2063,9,281.444,0,0,0,0,0
2064,9,282.444,0,0,0,0,0
2065,9,283.444,0,0,0,0,0
2066,9,284.444,0,0,0,0,0
2067,9,285.444,1,0,0,0,0
2068,9,286.444,0,0,0,0,0
2069,9,287.444,0,0,0,0,0
2070,9,288.444,0,0,0,0,0
2071,9,289.444,0,0,0,0,0
2072,9,290.444,0,0,0,0,0
2073,9,291.444,0,0,0,0,0
2074,9,292.444,0,0,0,0,0
2075,9,293.444,0,0,0,0,0
2076,9,294.444,0,0,0,0,0
2077,9,295.444,0,0,0,0,0
2078,9,296.444,0,0,0,0,0
2079,9,297.444,0,0,0,0,0
2080,9,298.444,0,0,0,0,0
2081,9,299.444,0,0,0,0,0
2082,9,300.444,0,0,0,0,0
2083,9,301.444,0,0,0,0,0
2084,10,272.2,0,0,0,1,0
2085,10,273.2,1,0,0,0,0
2086,10,274.2,1,0,0,0,0
2087,10,275.2,1,0,0,0,0
2088,10,276.2,1,0,0,0,0
2089,8,333.875,1,2,0,0,0
2090,8,334.875,0,0,0,0,0
2091,8,335.875,0,0,0,0,0
2092,8,336.875,0,0,0,0,0
2093,8,337.875,0,0,0,0,0
2094,8,338.875,0,0,0,0,0
2095,8,339.875,0,0,0,0,0
2096,8,340.875,0,0,0,0,0
2097,8,341.875,0,0,0,0,0
2098,8,342.875,0,0,0,0,0
2099,8,343.875,0,0,0,0,0
2100,8,344.875,0,0,0,0,0
2101,8,345.875,0,0,0,0,0
2102,8,346.875,0,0,0,0,0
2103,8,347.875,0,0,0,0,0
2104,8,348.875,0,0,0,0,0
2105,8,349.875,0,0,0,0,0
2106,8,350.875,0,0,0,0,0
2107,8,351.875,0,0,0,0,0
2108,8,352.875,0,0,0,0,0
2109,8,353.875,0,0,0,0,0
2110,9,315.444,0,0,0,1,0
2111,8,355.875,1,1,0,0,0
2112,8,356.875,0,0,0,0,0
2113,8,357.875,0,0,0,0,0
2114,8,358.875,0,0,0,0,0
2115,8,359.875,0,0,0,0,0
2116,8,360.875,0,0,0,0,0
2117,8,361.875,0,0,0,0,0
2118,8,362.875,0,0,0,0,0
2119,8,363.875,0,0,0,0,0
2120,8,364.875,0,0,0,0,0
2121,8,365.875,0,0,0,0,0
2122,8,366.875,0,0,0,0,0
2123,8,367.875,0,0,0,0,0
2124,8,368.875,0,0,0,0,0
2125,8,369.875,0,0,0,0,0
2126,8,370.875,0,0,0,0,0
2127,8,371.875,1,0,0,0,0
2128,8,372.875,0,0,0,0,0
2129,8,373.875,0,0,0,0,0
2130,8,374.875,0,0,0,0,0
2131,8,375.875,0,0,0,0,0
2132,7,332,1,1,0,0,0
2133,7,333,0,0,0,0,0
2134,7,334,0,0,0,0,0
2135,7,335,0,0,0,0,0
2136,7,336,0,0,0,0,0
2137,7,337,0,0,0,0,0
2138,7,338,0,0,0,0,0
2139,8,296.625,0,0,0,1,0
2140,8,297.625,1,0,0,0,0
2141,8,298.625,1,0,0,0,0
2142,8,299.625,0,0,0,0,0
2143,8,300.625,0,0,0,0,0
2144,8,301.625,0,0,0,0,0
2145,8,302.625,0,0,0,0,0
2146,8,303.625,0,0,0,0,0
2147,8,304.625,0,0,0,0,0
2148,8,305.625,0,0,0,0,0
2149,9,272.556,0,0,0,1,0
2150,9,273.556,1,0,0,0,0
2151,9,274.556,0,0,0,0,0
2152,9,275.556,0,0,0,0,0
2153,9,276.556,0,0,0,0,0
2154,9,277.556,0,0,0,0,0
2155,10,250.7,0,0,0,1,0
2156,10,251.7,1,0,0,0,0
2157,9,280.556,1,1,0,0,0
2158,9,281.556,0,0,0,0,0
2159,9,282.556,0,0,0,0,0
2160,9,283.556,0,0,0,0,0
2161,9,284.556,0,0,0,0,0
2162,9,285.556,0,0,0,0,0
2163,9,286.556,0,0,0,0,0
2164,9,287.556,0,0,0,0,0
2165,9,288.556,0,0,0,0,0
2166,9,289.556,0,0,0,0,0
2167,9,290.556,0,0,0,0,0
2168,9,291.556,0,0,0,0,0
2169,9,292.556,0,0,0,0,0
2170,9,293.556,0,0,0,0,0
2171,9,294.556,0,0,0,0,0
2172,9,295.556,0,0,0,0,0
2173,9,296.556,0,0,0,0,0
2174,9,297.556,0,0,0,0,0
2175,9,298.556,0,0,0,0,0
2176,9,299.556,0,0,0,0,0
2177,9,300.556,0,0,0,0,0
2178,9,301.556,0,0,0,0,0
2179,9,302.556,0,0,0,0,0
2180,9,303.556,0,0,0,0,0
2181,9,304.556,0,0,0,0,0
2182,9,305.556,0,0,0,0,0
2183,9,306.556,0,0,0,0,0
2184,9,307.556,0,0,0,0,0
2185,9,308.556,0,0,0,0,0
2186,9,309.556,0,0,0,0,0
2187,9,310.556,0,0,0,0,0
2188,9,311.556,0,0,0,0,0
2189,9,312.556,0,0,0,0,0
2190,9,313.556,0,0,0,0,0
2191,10,283.1,0,0,0,1,0
2192,10,284.1,1,0,0,0,0
2193,10,285.1,1,0,0,0,0
2194,10,286.1,1,0,0,0,0
2195,10,287.1,1,0,0,0,0
2196,9,319.556,2,1,0,0,0
2197,9,320.556,0,0,0,0,0
2198,9,321.556,0,0,0,0,0
2199,9,322.556,0,0,0,0,0
2200,9,323.556,0,0,0,0,0
2201,9,324.556,0,0,0,0,0
2202,8,341.875,1,1,0,0,0
2203,8,342.875,0,0,0,0,0
2204,8,343.875,0,0,0,0,0
2205,8,344.875,0,0,0,0,0
2206,8,345.875,0,0,0,0,0
2207,8,346.875,0,0,0,0,0
2208,8,347.875,0,0,0,0,0
2209,8,348.875,0,0,0,0,0
2210,8,349.875,0,0,0,0,0
2211,9,311.889,0,0,0,1,0
2212,8,351.875,1,1,0,0,0
2213,8,352.875,0,0,0,0,0
2214,8,353.875,0,0,0,0,0
2215,8,354.875,0,0,0,0,0
2216,8,355.875,0,0,0,0,0
2217,8,356.875,0,0,0,0,0
2218,8,357.875,0,0,0,0,0
2219,8,358.875,0,0,0,0,0
2220,8,359.875,0,0,0,0,0
2221,8,360.875,0,0,0,0,0
2222,8,361.875,0,0,0,0,0
2223,8,362.875,0,0,0,0,0
2224,8,363.875,0,0,0,0,0
2225,8,364.875,0,0,0,0,0
2226,8,365.875,0,0,0,0,0
2227,9,326.111,0,0,0,1,0
2228,9,327.111,1,0,0,0,0
2229,9,328.111,1,0,0,0,0
2230,9,329.111,0,0,0,0,0
2231,9,330.111,0,0,0,0,0
2232,9,331.111,0,0,0,0,0
2233,9,332.111,0,0,0,0,0
2234,9,333.111,0,0,0,0,0
2235,9,334.111,0,0,0,0,0
2236,9,335.111,0,0,0,0,0
2237,9,336.111,0,0,0,0,0
2238,9,337.111,0,0,0,0,0
2239,9,338.111,0,0,0,0,0
2240,9,339.111,0,0,0,0,0
2241,9,340.111,0,0,0,0,0
2242,10,307,0,0,0,1,0
2243,10,307.9,1,1,0,1,0
2244,9,272.444,1,1,0,0,0
2245,9,273.444,0,0,0,0,0
2246,9,274.444,0,0,0,0,0
2247,9,275.444,0,0,0,0,0
2248,9,276.444,0,0,0,0,0
2249,9,277.444,0,0,0,0,0
2250,9,278.444,0,0,0,0,0
2251,9,279.444,0,0,0,0,0
2252,9,280.444,0,0,0,0,0
2253,9,281.444,0,0,0,0,0
2254,9,282.444,0,0,0,0,0
2255,9,283.444,0,0,0,0,0
2256,9,284.444,0,0,0,0,0
2257,9,285.444,0,0,0,0,0
2258,9,286.444,0,0,0,0,0
2259,9,287.444,0,0,0,0,0
2260,9,288.444,0,0,0,0,0
2261,9,289.444,0,0,0,0,0
2262,9,290.444,0,0,0,0,0
2263,9,291.444,0,0,0,0,0
2264,9,292.444,0,0,0,0,0
2265,9,293.444,0,0,0,0,0
2266,9,294.444,0,0,0,0,0
2267,9,295.444,0,0,0,0,0
2268,9,296.444,0,0,0,0,0
2269,9,297.444,0,0,0,0,0
2270,9,298.444,0,0,0,0,0
2271,9,299.444,0,0,0,0,0
2272,9,300.444,0,0,0,0,0
2273,8,298.625,0,0,1,0,0
2274,8,299.625,0,0,0,0,0
2275,8,300.625,0,0,0,0,0
2276,8,301.625,0,0,0,0,0
2277,8,302.625,0,0,0,0,0
2278,8,303.625,0,0,0,0,0
2279,8,304.625,0,0,0,0,0
2280,8,305.625,0,0,0,0,0
2281,8,306.625,0,0,0,0,0
2282,8,307.625,0,0,0,0,0
2283,8,308.625,0,0,0,0,0
2284,8,309.625,0,0,0,0,0
2285,8,310.625,0,0,0,0,0
2286,8,311.625,0,0,0,0,0
2287,8,312.625,0,0,0,0,0
2288,8,313.625,0,0,0,0,0
2289,8,314.625,0,0,0,0,0
2290,8,315.625,0,0,0,0,0
2291,8,316.625,0,0,0,0,0
2292,8,317.625,0,0,0,0,0
2293,8,318.625,0,0,0,0,0
2294,8,319.625,0,0,0,0,0
2295,7,272.857,0,0,1,0,0
2296,7,273.857,0,0,0,0,0
2297,7,274.857,0,0,0,0,0
2298,7,275.857,0,0,0,0,0
2299,7,276.857,0,0,0,0,0
2300,7,277.857,0,0,0,0,0
2301,7,278.857,0,0,0,0,0
2302,8,244.875,0,0,0,0,1
2303,8,245.875,0,0,0,0,0
2304,8,246.875,0,0,0,0,0
2305,8,247.875,0,0,0,0,0
2306,8,248.875,0,0,0,0,0
